,imagerow,imagecol,spot,label
0,2836,981,TCTCGGCTCCAGGACT-1,0.0
1,2791,981,AAGAAGGATCAGTTAG-1,0.0
2,2745,980,CTTATGTTGACTACCA-1,0.0
3,2813,1020,CAATCCTGCCGTGGAG-1,0.0
4,2790,1060,CTGAGCAAGTAACAAG-1,0.0
5,2767,1020,GGGTACCCACGGTCCT-1,0.0
6,2744,1059,ACGGAATTTAGCAAAT-1,0.0
7,2722,1019,GGGCGGTCCTATTGTC-1,0.0
8,2699,1059,ATGTTACGAGCAATAC-1,0.0
9,2676,1019,AACCATGGGATCGCTA-1,0.0
10,2653,1058,TCGCATCCCTAAGTGT-1,0.0
11,2631,1018,ACTTAGTACGACAAGA-1,0.0
12,2608,1058,GAGCTCTCGGACCTAA-1,0.0
13,2562,1057,AGATACGACTTCATAT-1,0.0
14,2834,1139,AGAATTGTTTGACATA-1,0.0
15,2812,1100,AAATGCTCGTTACGTT-1,0.0
16,2789,1139,CACCTAATAGAGTCGT-1,0.0
17,2767,1099,CATTTCTAGCAGACTA-1,0.0
18,2743,1138,CCGAAAGTGGTGAGCA-1,0.0
19,2721,1099,AGTCAGCCACCGCCTG-1,0.0
20,2698,1138,TCATCACTCGAGCTCG-1,0.0
21,2676,1098,CTCAGGACTCACCTGT-1,1.0
22,2652,1137,CGGTGTACTTGATCCC-1,0.0
23,2630,1098,CCTACGGCTCAGTCGA-1,1.0
24,2607,1137,GTACTTGGGCACTTCT-1,0.0
25,2585,1097,TGATTTCCTCCTGACG-1,0.0
26,2561,1136,CCTCACCAATCTTGAC-1,0.0
27,2539,1097,GGTGAGATGCAGATAA-1,0.0
28,2516,1136,GCTAGTTTCATTGAGG-1,0.0
29,2494,1096,AGGACATCGCACGTCG-1,0.0
30,2470,1135,GTGGACGTGCTGAGAC-1,0.0
31,2425,1135,TCGCTGTGCGTAAATC-1,0.0
32,2379,1134,CACCCACACGTCACCC-1,0.0
33,2811,1179,TTCGGCTAGAGATGGT-1,0.0
34,2788,1218,GACACGAGTTAGAGGA-1,0.0
35,2766,1178,GAGGTCCCAAAGATCT-1,0.0
36,2743,1218,TAACTCCATGGAGGCT-1,0.0
37,2720,1178,CTTGTTTATGTAGCCA-1,0.0
38,2697,1217,GATGGCGCACACATTA-1,0.0
39,2675,1177,ATAATAGTGTAGGGAC-1,0.0
40,2652,1217,CGCTATTCAATGTATG-1,0.0
41,2629,1177,ATATTGCTGTCAAAGT-1,0.0
42,2606,1216,GGATTCAGTACGGTGG-1,0.0
43,2584,1176,TTCTTAGTGAACGGTG-1,0.0
44,2561,1216,AATGGTTCTCACAAGC-1,0.0
45,2538,1176,TATACACGCAAAGTAT-1,0.0
46,2515,1215,CTTCATAGCTCAAGAA-1,0.0
47,2493,1175,CAACGGTTCTTGATAC-1,0.0
48,2470,1215,ACACCCGAGAAATCCG-1,0.0
49,2447,1175,TCTATCATGCAGTTAC-1,0.0
50,2424,1214,CCCGCCATGCTCCCGT-1,0.0
51,2402,1174,CGCTTCCACTGAAATC-1,0.0
52,2379,1214,CACTGTCCAAGTGAGA-1,0.0
53,2356,1174,ATTACTAGCCTCTTGC-1,0.0
54,2333,1213,CATAGTAGCATAGTAG-1,0.0
55,2311,1173,CAACTCCTTGATCCCG-1,0.0
56,2287,1213,AAGTAGAAGACCGGGT-1,0.0
57,2242,1212,ATTAGATTGATAGCGG-1,0.0
58,2787,1297,CAGTAATCCCTCCCAG-1,0.0
59,2765,1257,GTATTAAGGCGTCTAA-1,0.0
60,2742,1297,CTAATTTCAACAACAC-1,0.0
61,2719,1257,TTAGCAACATGGATGT-1,0.0
62,2696,1296,ATGCTCAGTGTTGCAT-1,1.0
63,2674,1256,GATGTTTGTGCGAGAT-1,0.0
64,2651,1296,CACTTCGCCACAGGCT-1,0.0
65,2628,1256,CTGTATGGTGTAGAAA-1,0.0
66,2605,1295,TACGTGCACTATGCTG-1,1.0
67,2583,1255,GTATCAGCTTGGGTTC-1,0.0
68,2560,1295,TAACAAAGGGAGAAGC-1,0.0
69,2537,1255,TTACATCGTGGCCTGG-1,0.0
70,2514,1294,TCTGAACCGGTCGGCT-1,0.0
71,2492,1254,GGCTCGTGCCACCAGC-1,1.0
72,2469,1294,TATAAGTGAGGATAGC-1,1.0
73,2446,1254,GCCCGCGCGTTTGACA-1,0.0
74,2423,1293,TGCTGGTTGGACAATT-1,0.0
75,2401,1253,GCCTAGCGATCTGACC-1,0.0
76,2378,1293,CCATGCTCTGCAGGAA-1,1.0
77,2355,1253,TATAAATCCACAAGCT-1,0.0
78,2332,1292,CGCTCGACATAATGAT-1,0.0
79,2310,1252,CCAATTGAATGTTAAT-1,0.0
80,2287,1292,GCTAATACCGAATGCC-1,0.0
81,2264,1252,TTCAACGACCCGACCG-1,0.0
82,2241,1291,TTCCTCGAGGGTGTCT-1,0.0
83,2219,1251,CAACGACCCGTTTACA-1,0.0
84,2196,1291,CTTGTACTTGTTGACT-1,0.0
85,2173,1251,TCTCTAATAGCTGGTA-1,0.0
86,2150,1290,ATTATGCCATAGGGAG-1,0.0
87,2105,1290,AGATGACTCGCCCACG-1,0.0
88,1764,1246,TGCCTGATCAAACGAT-1,1.0
89,2764,1337,TAGCAACCTGTCACAA-1,0.0
90,2741,1376,TGGGAAATGCCTTTCC-1,0.0
91,2719,1336,AGACCATGGGATACAA-1,1.0
92,2695,1375,TAAATGAATCCGTTTC-1,0.0
93,2673,1336,ACAACGGTCCCTGCGA-1,0.0
94,2650,1375,GTCACTCTCCAAATCT-1,0.0
95,2627,1335,TTCTACTTGCGAGGGC-1,1.0
96,2604,1374,CGCAATTACTTTCGGT-1,0.0
97,2582,1335,CTGTTCATCTCACGGG-1,0.0
98,2559,1374,TTCTTGTAACCTAATG-1,0.0
99,2536,1334,GCTTGATGATAATCAG-1,0.0
100,2513,1373,TTGGCTCGCATGAGAC-1,0.0
101,2491,1334,GCCCAGTTGGTATGCC-1,0.0
102,2468,1373,ATTCCTCCGCCAGTGC-1,0.0
103,2445,1333,TCGTCCGCTGGCGTCT-1,0.0
104,2422,1372,GGAGAAGTCATTGGCA-1,0.0
105,2400,1333,TTGTTAGCAAATTCGA-1,0.0
106,2377,1372,TCTAGCATCTTCGATG-1,0.0
107,2354,1332,TTCTAGGCCAATTGTG-1,0.0
108,2331,1371,TCACGGTCATCGCACA-1,0.0
109,2309,1332,ATGAAGCCAAGGAGCC-1,0.0
110,2286,1371,AATGACTGTCAGCCGG-1,0.0
111,2263,1331,CCAAACAGAACCCTCG-1,0.0
112,2240,1370,TATCGATGATTAAACG-1,0.0
113,2218,1331,GAACACACATCAACCA-1,1.0
114,2195,1370,CCCGTCAGCGTCTGAC-1,1.0
115,2172,1330,AGCATCGTCGATAATT-1,0.0
116,2149,1369,GACTAAGATCATGCAC-1,0.0
117,2127,1330,TAGGGTGTTTCAAGAG-1,0.0
118,2104,1369,TGGTTCGTAGCAAAGG-1,1.0
119,2081,1329,CTGTTCACTGCCTGTG-1,0.0
120,2058,1368,ATGTGCATCCGACGCA-1,0.0
121,2036,1329,TTGTCGTTCAGTTACC-1,0.0
122,2013,1368,CGGGATCAATGTAAGA-1,0.0
123,1990,1328,TTATCTGTATCATAAC-1,0.0
124,1967,1367,ATCGACTCTTTCCGTT-1,0.0
125,1922,1367,GTAAGCGGGCAGTCAG-1,0.0
126,1854,1327,ATTAATACTACGCGGG-1,0.0
127,1717,1325,TTGCTCCCATACCGGA-1,0.0
128,2785,1456,ACCCACCTACATGCTC-1,0.0
129,2763,1416,AAAGGGCAGCTTGAAT-1,0.0
130,2740,1455,CACACAGGGATAGATT-1,0.0
131,2718,1415,AGAGCGTACAAGCTCG-1,1.0
132,2694,1455,TCTTACGGCATCCGAC-1,1.0
133,2672,1415,GCCTATTCCGATATAG-1,1.0
134,2649,1454,GAAAGTGACTAACTGC-1,1.0
135,2627,1414,CCGGAATGGTTTCAGT-1,0.0
136,2603,1454,AGTATAATACTAGGCA-1,0.0
137,2581,1414,TAACTATCGAAGGTCC-1,0.0
138,2558,1453,ATGAGGAGTGTTAATC-1,0.0
139,2536,1413,TGTGTCGCGAGTTGCA-1,0.0
140,2512,1453,ATCCAACGCAGTCATA-1,1.0
141,2490,1413,AAGGCGCGTAAAGCTT-1,0.0
142,2467,1452,AGTCGGCCCAAACGAC-1,1.0
143,2445,1412,AACGTCAGACTAGTGG-1,1.0
144,2421,1452,ACTACCAGCTCTCTGG-1,0.0
145,2399,1412,GCAAGTGCACAGAGAA-1,0.0
146,2376,1451,ACACCTTAAGTAGGGC-1,0.0
147,2354,1411,TTCGACGGGAAGGGCG-1,0.0
148,2330,1451,TTCGCACTCGCGTGCT-1,0.0
149,2308,1411,TATTTGTTACCCTTTA-1,0.0
150,2285,1450,CGCTGTGACGCCGCAC-1,0.0
151,2263,1410,GTTGCACGGAGTTTCG-1,1.0
152,2239,1450,GTTTCCTGGAGGGTGA-1,0.0
153,2217,1410,ACACCCAGCATGCAGC-1,0.0
154,2194,1449,TCAACCATGTTCGGGC-1,0.0
155,2172,1409,TTACAACTACGCATCC-1,0.0
156,2148,1449,TCCGATGGTGCGACAT-1,0.0
157,2126,1409,GGGCGTACATTTATAT-1,0.0
158,2103,1448,AGCGACCAACGATATT-1,0.0
159,2081,1408,ACACAAAGACGGGTGG-1,0.0
160,2057,1448,ATCGCACGCCGGGAGA-1,0.0
161,2035,1408,GCTCTAAACCCTGACG-1,0.0
162,2012,1447,AATGCAACCGGGTACC-1,0.0
163,1990,1407,TCAAACAACCGCGTCG-1,0.0
164,1966,1447,TATGCTCCCTACTTAC-1,0.0
165,1944,1407,AAAGGGATGTAGCAAG-1,0.0
166,1921,1446,ACGATCATACATAGAG-1,0.0
167,1899,1406,TTGTTCAGTGTGCTAC-1,0.0
168,1875,1446,ATGCATGATCCAGGAT-1,0.0
169,1853,1406,AGTCTTCTCCTCAAAT-1,0.0
170,1716,1404,CACGCACAGCGCAGCT-1,0.0
171,1671,1404,TGCAGGATCGGCAAAG-1,1.0
172,1625,1403,AACGATATGTCAACTG-1,0.0
173,2762,1495,CAGTTCCGCGGGTCGA-1,1.0
174,2739,1534,AAGAGATGAATCGGTA-1,0.0
175,2717,1494,CGCAATTCTACAATAA-1,1.0
176,2694,1534,TAACGCTTTGAGAGCG-1,0.0
177,2671,1494,AGGCTATGGTTAGCTT-1,0.0
178,2648,1533,GAGGAATGGAGAGGTT-1,0.0
179,2626,1493,TCCTCTACGAGATGGC-1,1.0
180,2603,1533,TTGATTATGCAGATGA-1,1.0
181,2580,1493,TCAGTACTGACCCGCG-1,1.0
182,2557,1532,TTATGACAAACTGGAT-1,0.0
183,2535,1492,GTAAGTAGGGTATACC-1,1.0
184,2512,1532,CGCAAACACGAGTTAC-1,1.0
185,2489,1492,TGGCCGTATATTGACC-1,0.0
186,2466,1531,ACTGTAGCACTTTGGA-1,0.0
187,2444,1491,GCTCTATGTTACGTGC-1,0.0
188,2421,1531,TGCGCGATTAACGGAG-1,0.0
189,2398,1491,GAATCGACATGGTCAC-1,0.0
190,2375,1530,GACTAAGTAGGCTCAC-1,0.0
191,2353,1490,ATCTTGACCTGCAACG-1,0.0
192,2330,1530,ATGCACTACCGCATTG-1,0.0
193,2307,1490,CAGATACTAACATAGT-1,0.0
194,2284,1529,GATCGACACTATCTGA-1,0.0
195,2262,1489,ATAGAGTACTGGGACA-1,0.0
196,2239,1529,CCTACTGCTTACACTT-1,1.0
197,2216,1489,CCTGCTATTTGAGAAG-1,0.0
198,2193,1528,CGCGTTCATGAAATAC-1,0.0
199,2171,1489,CATTATGCTTGTTGTG-1,0.0
200,2147,1528,CCAGGGACGTGGCCTC-1,0.0
201,2125,1488,TATGGATGTGCTACGC-1,0.0
202,2102,1527,GTACTAAGATTTGGAG-1,0.0
203,2080,1488,AGACCCGCCCTCCTCG-1,0.0
204,2056,1527,CGCATTAGCTAATAGG-1,0.0
205,2034,1487,GCTCTCGGGTACCGAA-1,0.0
206,2011,1526,CACCGCCAGAAGGTTT-1,1.0
207,1989,1487,TCCCAAAGACGAAGGA-1,0.0
208,1965,1526,ATGGATTGACCAAACG-1,1.0
209,1943,1486,GTCATGGACATGACTA-1,0.0
210,1920,1525,CTACTGCCACCTGACC-1,0.0
211,1898,1486,TTATATTTGGCAATCC-1,0.0
212,1874,1525,AGCACCAGTACTCACG-1,0.0
213,1852,1485,CATGGTCTAGATACCG-1,1.0
214,1829,1524,TCTACCGTCCACAAGC-1,0.0
215,1783,1524,TCCCGCGTACTCCTGG-1,1.0
216,1306,1479,AAGATTGGCGGAACGT-1,0.0
217,1170,1478,TTACAGACCTAAATGA-1,0.0
218,2738,1613,AACTTGCCCGTATGCA-1,1.0
219,2716,1574,GGGTATGTATGCACTT-1,0.0
220,2693,1613,TTCGTACTCCAGAACG-1,1.0
221,2670,1573,GAATTTCTCGCTGCAG-1,0.0
222,2647,1613,AACAGGATGGGCCGCG-1,1.0
223,2625,1573,GACGTGTAGGGATTAT-1,1.0
224,2602,1612,TAGGTGAGCCCTACTC-1,0.0
225,2579,1572,CTAATTCGCACGCGCT-1,1.0
226,2556,1612,GAAGCTTGCTGACCGC-1,1.0
227,2534,1572,GGTTAGGCTTGGAGAA-1,0.0
228,2511,1611,ACAAGGACAAGAGGTT-1,0.0
229,2488,1571,AGGCCACCCGTTATGA-1,0.0
230,2465,1611,GTGGGCTTAGACACAC-1,0.0
231,2443,1571,CGTGTCCCATTCGCGA-1,0.0
232,2420,1610,TGGAGTGATGCGATGA-1,1.0
233,2397,1570,AACAACTGGTAGTTGC-1,0.0
234,2374,1610,CCTGGCTAGACCCGCC-1,0.0
235,2352,1570,CGCAATTAGGGTAATA-1,1.0
236,2329,1609,TCGAAATTTAGGACCA-1,1.0
237,2306,1569,AGACTAGCCTTCCAGA-1,1.0
238,2283,1609,TTGATCTAACTTTGTC-1,1.0
239,2261,1569,AAGGAGCGGTTGGTGC-1,1.0
240,2238,1608,ACTTGGGACCCGGTGG-1,1.0
241,2215,1568,TGATCTCCGGCGCCAG-1,1.0
242,2192,1608,CAGTTCAAATTGACAC-1,1.0
243,2170,1568,GTCCGGCTGAATTGCG-1,1.0
244,2147,1607,CTGGAAATGGATGCTT-1,1.0
245,2124,1567,TGATCGGTTTGACCCT-1,0.0
246,2101,1607,TAGAGTCTAAGCGAAC-1,1.0
247,2079,1567,GAGACTGATGGGTAGA-1,1.0
248,2056,1606,TAGCTAAGTCCGGGAG-1,1.0
249,2033,1566,GGGCGATATGTGTGAA-1,1.0
250,2010,1606,CTCGAGGTCGAACAGT-1,1.0
251,1988,1566,GATCCCTTTATACTGC-1,0.0
252,1965,1605,GTCATGCACCTCCGTT-1,1.0
253,1942,1565,ACTTTCCTATAGCTTC-1,0.0
254,1919,1605,TCGCTCGATATATTCC-1,1.0
255,1897,1565,ATAGGTTGGGCAGATG-1,0.0
256,1874,1604,CAATTAAGGGTGATGA-1,0.0
257,1851,1564,ACCGACTGAGTCCCAC-1,0.0
258,1828,1604,CCTGTCACCCGGGCTC-1,1.0
259,1806,1564,GATCGGTGGCCATAAC-1,0.0
260,1783,1603,CCTATGGGTTACCGTC-1,0.0
261,1760,1563,TTGGGACACTGCCCGC-1,1.0
262,1737,1603,CGAGGCTAAATATGGC-1,0.0
263,2761,1653,ACAAGCAGTGCCTAGC-1,0.0
264,2715,1653,TCGGAATGCGCTCTGA-1,0.0
265,2692,1692,TCGCGTCCAGAAGGTC-1,1.0
266,2670,1652,TATGGCCCGGCCTCGC-1,0.0
267,2646,1692,GCTGGCATATTCACCT-1,1.0
268,2624,1652,GTCAGAATAGTCTATG-1,1.0
269,2601,1691,GGCGTCCTATCCGCTG-1,1.0
270,2579,1651,CGGAGTTTGAGAGACA-1,1.0
271,2555,1691,AGCACTTAAGGACGCC-1,1.0
272,2533,1651,TCCACAATGGTTTACG-1,1.0
273,2510,1690,CCAACGATGCACTGAT-1,0.0
274,2488,1650,ATTTACAGTTTACTGG-1,1.0
275,2464,1690,CCCTGAAATGAGTTGA-1,1.0
276,2442,1650,CAAACGGTCGCACTTT-1,1.0
277,2419,1689,TGATTCGTCTATCACT-1,1.0
278,2396,1649,TCAGGTTCTTTGAGAA-1,0.0
279,2373,1689,CACGCAGCGAGGCTTT-1,1.0
280,2351,1649,TTAAGCGCCTGACCCA-1,0.0
281,2328,1688,CTTACACGGTATTCCA-1,1.0
282,2305,1648,AAGGCTGTGCTCATCG-1,0.0
283,2282,1688,GACCAGAGCCCTGTAG-1,1.0
284,2260,1648,TCCCAGGCTTAGCTAA-1,1.0
285,2237,1687,ATTGAAGATCTTAGTG-1,1.0
286,2214,1647,AGTTCCTACAGAATTA-1,0.0
287,2191,1687,GGGCTGGTTAGTCGCG-1,0.0
288,2169,1647,GAAATGGCGGTGTTAG-1,1.0
289,2146,1686,TACGAACACGACTTCA-1,0.0
290,2123,1646,ACCACAAGTTTCTATC-1,1.0
291,2100,1686,ATATTTAACCCTCAAG-1,1.0
292,2078,1646,GATCATTCCAAACATT-1,1.0
293,2055,1685,TCCAGGCGAGTACGGT-1,1.0
294,2032,1645,GTTTGACCAAATCCTA-1,1.0
295,2009,1685,CACAGCACCCACGGCA-1,1.0
296,1987,1645,TGCAAGAATGACGTAA-1,1.0
297,1964,1684,GCGAAGCCATACCCGT-1,1.0
298,1941,1644,TCCTTTCTTACGCTTA-1,1.0
299,1918,1684,GCTGCTCTCCGGACAC-1,0.0
300,1896,1644,ACTGTCTTCTTTAGAA-1,1.0
301,1873,1683,TCAAACTTAGATTGTT-1,0.0
302,1850,1643,CTATGTCACTAGCCCA-1,0.0
303,1827,1683,TGCGCAAAGCATTTGG-1,1.0
304,1805,1643,TTAATGTAGACCAGGT-1,1.0
305,1782,1682,GGCGGTAGGATCATTG-1,1.0
306,1759,1642,GGCAATAGTCAATGAG-1,0.0
307,1736,1682,ACACGAGACTCCTTCT-1,0.0
308,1714,1642,GACACAAGGGAAGAAA-1,0.0
309,1691,1681,TCAGCAAATGCATCTC-1,0.0
310,1668,1641,GAGATCTGTCACTCCG-1,0.0
311,1645,1681,ATGCCGGTCTTGCATA-1,0.0
312,1623,1641,TTGGGCGGCGGTTGCC-1,0.0
313,1600,1680,TTGTTGTGTGTCAAGA-1,0.0
314,1554,1680,TCCACTTTATCTAGGT-1,0.0
315,1509,1679,TAGAAAGGTGGCGCTA-1,0.0
316,2736,1772,TCCCTGGCTCGCTGGA-1,1.0
317,2691,1771,CACGAAAGTTAGTCCC-1,0.0
318,2669,1732,ACCTAATCGACTTCCT-1,1.0
319,2645,1771,AAGTAGTGACGCGAGG-1,0.0
320,2623,1731,TCCGATTACATTGCCG-1,1.0
321,2600,1770,CCTCCGACAATTCAAG-1,0.0
322,2578,1731,GTTCACAGGAGTCTAG-1,1.0
323,2554,1770,CGAAGTTGCTCTGTGT-1,0.0
324,2532,1730,GTCGGATATCTCAGAC-1,1.0
325,2509,1769,CGCTCTCCGTAGATTA-1,0.0
326,2487,1730,CAAGCAACGTCGGAGT-1,0.0
327,2463,1769,CCATTCCCTGCCCACA-1,0.0
328,2441,1729,CTTTGGCTTTAGTAAA-1,0.0
329,2418,1768,GGCTATTAAGTTGTAT-1,0.0
330,2396,1729,CCATTAGCGATAATCC-1,1.0
331,2372,1768,TGTTCTTCCATTGACT-1,1.0
332,2350,1728,AGATAACTTCAGGGCC-1,0.0
333,2327,1767,ATAGACGAAGAGAAAG-1,0.0
334,2305,1728,GGCGGAGTAATATTAG-1,0.0
335,2281,1767,TGACCCACGTTAGACA-1,0.0
336,2259,1727,TCACAGGTTATTGGGC-1,0.0
337,2236,1766,TCACGCATTGTAGATC-1,0.0
338,2214,1727,TTGAAGAATTCCCAGG-1,1.0
339,2190,1766,AAATGGTCAATGTGCC-1,0.0
340,2168,1726,TAGTGCCCTCCAGAGT-1,1.0
341,2145,1765,GGTATTGCCGAGTTTA-1,0.0
342,2123,1726,CGTATTAAGAGATCTA-1,1.0
343,2099,1765,ACTGTCCAGGATTATA-1,1.0
344,2077,1725,CGGGCAGCTAAACCGC-1,1.0
345,2054,1764,TTGCTGATCATGTTCG-1,1.0
346,2032,1725,TATGGGTACGTATCGT-1,1.0
347,2008,1764,CAGCTCACTGAGACAT-1,1.0
348,1986,1724,GGGACTGCATAGATAG-1,1.0
349,1963,1763,ACGCATTCGTGAGTAC-1,1.0
350,1941,1724,CTCTGGACGCCTGGTG-1,1.0
351,1917,1763,AGGGTTTAGTTCGGGA-1,1.0
352,1895,1723,GGGAGAACTCACAGTA-1,0.0
353,1872,1762,ATCAATCTGGGCTGCA-1,1.0
354,1850,1723,TCTTCGATACCAATAA-1,0.0
355,1826,1762,ACGTAGATTGCTGATG-1,0.0
356,1804,1722,TCTTGATGCGTAGCGA-1,1.0
357,1781,1761,GGGCTGCCTAGGGCGA-1,0.0
358,1759,1722,CTCTCACAATCGATGA-1,1.0
359,1735,1761,CCAAGCGTAACTCGTA-1,0.0
360,1713,1721,ACAACAGCATGAGCTA-1,0.0
361,1690,1760,GTCCCAACGTAAAGTA-1,0.0
362,1668,1721,TCGGAGTACATGAGTA-1,1.0
363,1644,1760,GGGAGTTAATGAGGCG-1,1.0
364,1622,1720,CCGGGCGGTCTCGTCA-1,0.0
365,1599,1759,CCGTAAGTTGGTCCCA-1,1.0
366,1576,1720,GGAGGGCTTGGTTGGC-1,0.0
367,1553,1759,TCGGACGCCCAGCCCA-1,0.0
368,1531,1719,TCTGTGCCATCATAGT-1,0.0
369,1508,1758,GTACTGGAGTTAGACC-1,0.0
370,1485,1719,GGAATGCGCTAGCGTG-1,0.0
371,1462,1758,GTGTGAATAACTTAGG-1,0.0
372,1440,1718,GGTCGGCCAGGAGCTT-1,0.0
373,1417,1757,TAGCCGGCGGTCAGCG-1,0.0
374,1371,1757,AGTGATTCAAGCAGGA-1,1.0
375,1144,1754,TACCGCGGACTTGCAG-1,0.0
376,1121,1715,AGAATTATGGATTCGA-1,0.0
377,1098,1754,ATTGATGAGTCCTAAC-1,0.0
378,1076,1714,TAGGTCGCCGGAACTG-1,0.0
379,1053,1753,TAACCTACCGTCCGAG-1,0.0
380,1030,1714,CTTAGTAGGCCTACAG-1,1.0
381,1007,1753,CTAGATGTGAGTGTAA-1,0.0
382,962,1752,GTTCATCGTTTGGCTG-1,0.0
383,825,1751,GCATTTCCAAGGCTCC-1,0.0
384,2713,1811,TTACCATTGATTACCC-1,0.0
385,2690,1851,ATACCACGGGCAACTT-1,0.0
386,2668,1811,TGTCCTAAGTCACCGC-1,0.0
387,2645,1850,AGGTAGGTACAAAGCT-1,0.0
388,2622,1810,GGCATACAGGTAGCGG-1,0.0
389,2599,1850,TGTAGTGATCTATAAT-1,0.0
390,2577,1810,TCCCGGGTGTGCTGCT-1,0.0
391,2554,1849,TACGATGTTGATCATC-1,1.0
392,2531,1809,CCTCTCTCCCATCTAG-1,1.0
393,2508,1849,GCAGGACTATAGAATA-1,0.0
394,2486,1809,CTAGTGAAGGACAGGA-1,0.0
395,2463,1848,TACGAGAACTTCACGT-1,0.0
396,2440,1808,CGTTGTTTCAATTCCC-1,0.0
397,2417,1848,GCAAATATTACGCTTT-1,0.0
398,2395,1808,CCAATAGTGCCGTCGA-1,0.0
399,2372,1847,ATTGCTGCTCCTCCAT-1,0.0
400,2349,1807,GAGATCTGCTTGGCAT-1,0.0
401,2326,1847,GCCGAAATTCCTACGT-1,0.0
402,2304,1807,GGCACTCCACTGGGCA-1,0.0
403,2281,1846,GGGTCACCGTGACGGT-1,0.0
404,2258,1806,CACTTAATCAGACGGA-1,0.0
405,2235,1846,CGTTTCGCTCATTACA-1,0.0
406,2213,1806,ATAAAGGCTCGGTCGT-1,1.0
407,2190,1845,CACTAAAGTTGCCTAT-1,1.0
408,2167,1805,GTGCTCAAGTACTGTC-1,0.0
409,2144,1845,CCATGCCTGTTTAGTA-1,0.0
410,2122,1805,TCTAGTTATCAGAAGA-1,1.0
411,2099,1844,TTGTAATCCGTACTCG-1,1.0
412,2076,1804,TCCCAGCTTTAGTCTG-1,1.0
413,2053,1844,CTACGCACGGAGTACC-1,1.0
414,2031,1804,AAATTAACGGGTAGCT-1,1.0
415,2008,1843,CGGCCACGCACAAAGT-1,1.0
416,1985,1803,GAAGCGTGAGGAATTT-1,1.0
417,1962,1843,ATATCTTAGGGCCTTC-1,1.0
418,1940,1803,ACGCGGGCCAAGGACA-1,1.0
419,1916,1842,GCGAGTTCTGCAAAGA-1,1.0
420,1894,1802,TATTCGTGCCAGAATA-1,0.0
421,1871,1842,AGGGCTGCAGTTACAG-1,1.0
422,1849,1802,CTAGCATAGTATAATG-1,1.0
423,1825,1841,TAGGTTCGAGTTCGTC-1,0.0
424,1803,1801,GAATTATAGTGAAAGG-1,0.0
425,1780,1841,CTATCGGGTCTCAACA-1,1.0
426,1758,1801,GCGCTAATTGAATAGA-1,0.0
427,1734,1840,ATGCGACAGTCCCATT-1,1.0
428,1712,1800,GGTAGTGCTCGCACCA-1,0.0
429,1689,1840,AAGCTCGTGCCAAGTC-1,1.0
430,1667,1800,TATTCAATTCTAATCC-1,1.0
431,1643,1839,TTCAAAGTCTCTAGCC-1,1.0
432,1621,1799,TTGAATATGGACTTTC-1,1.0
433,1598,1839,AAGAGCTCTTTATCGG-1,1.0
434,1576,1799,TTACTCCGGCCGGGAA-1,0.0
435,1552,1838,AAACGAGACGGTTGAT-1,0.0
436,1530,1798,GCTAAGTAGTTTCTCT-1,0.0
437,1507,1838,ATAACGCCGGAGGGTC-1,0.0
438,1485,1798,GGATCCGGAATATACT-1,0.0
439,1461,1837,TGAAAGGACCTGACTC-1,1.0
440,1439,1797,TCCGCGGCAGCATCTG-1,0.0
441,1416,1837,TGCATATGTCTGTCAC-1,0.0
442,1394,1797,TGTAGGAGAAATTTCC-1,0.0
443,1370,1836,AGTGAGACTTCCAGTA-1,1.0
444,1348,1796,CCCAAACATGCTGCTC-1,0.0
445,1188,1834,GCGTGGTACTGGGTTA-1,0.0
446,1166,1794,CGTCGGATAGTGTTGA-1,0.0
447,1143,1834,ATATGTCTCCCTAGCC-1,0.0
448,1121,1794,TCTTTAAGACTATGAA-1,0.0
449,1097,1833,TCATTTAAGTCTCCGA-1,0.0
450,1075,1793,GATATTGAGATTGGCG-1,0.0
451,1052,1833,TGACATCGAGCGGACC-1,0.0
452,1030,1793,GCGTAAATGGCCATAA-1,1.0
453,1006,1832,ATTGTACAACTCGGCT-1,0.0
454,984,1792,TACGCTATAGAAACCT-1,0.0
455,961,1832,CACCCAAATCTTATGT-1,0.0
456,939,1792,AGATGATGGAGTCTGG-1,0.0
457,915,1831,CCACGGTGCCCGGTAG-1,0.0
458,893,1791,TCAAGAAATACTAGCT-1,1.0
459,870,1831,AGGTATAATTGATAGT-1,1.0
460,2758,1891,ATTCGACGCCGGGCCT-1,0.0
461,2735,1930,GGCGCAGGACATCTTC-1,1.0
462,2712,1890,GTACTCCCTTATCGCT-1,0.0
463,2689,1930,TGGTCTGTTGGGCGTA-1,0.0
464,2667,1890,AATAACAACGCTCGGC-1,1.0
465,2644,1929,CATACCCGTACCCAGT-1,0.0
466,2621,1889,ACAATCCATTTAAACC-1,0.0
467,2598,1929,GTTACAATTGGTGACG-1,0.0
468,2576,1889,TTGCCCTGATCACGGG-1,0.0
469,2553,1928,CTAACCGCGCGCCCGT-1,0.0
470,2530,1888,CTAAAGAATGCCTACT-1,0.0
471,2507,1928,ACCCATCTTGAGGGTA-1,0.0
472,2485,1888,GATCTTTGCAGGGTAT-1,0.0
473,2462,1927,GGGTACTTCATGAACT-1,0.0
474,2439,1887,GCCGCTTGTGAGAAAC-1,0.0
475,2416,1927,CCTGTAAGACATGATA-1,0.0
476,2394,1887,CGACAGTTCGCGTTAT-1,0.0
477,2371,1926,ACGATGCATATGTTAT-1,0.0
478,2348,1886,TGTTCCGCTTCCATGA-1,0.0
479,2325,1926,GGATGACGCGAGTTTA-1,0.0
480,2303,1886,GAAGTTTCCACTCAAT-1,0.0
481,2280,1925,GCGAGGCCCGAGCAGA-1,0.0
482,2257,1885,CATACTATGTAATTGT-1,0.0
483,2234,1925,CCAATGTCACAGCAAG-1,0.0
484,2212,1885,GTTGGATTTGCGTTGG-1,0.0
485,2189,1924,GGGAGGATGCCCGAAA-1,1.0
486,2166,1884,GATCGCGGGCTCTCCA-1,0.0
487,2143,1924,GTTCGCCATAAGTGCC-1,1.0
488,2121,1884,AGATTATAGGACGTTT-1,1.0
489,2098,1923,TCGAGACCAACACCGT-1,1.0
490,2075,1883,TATGGGACCGAGCAGG-1,0.0
491,2052,1923,GATGCGTCCTGCATTC-1,1.0
492,2030,1883,TATGGTCTGAGTAACA-1,0.0
493,2007,1922,GCATAGAGCACTCAGG-1,0.0
494,1984,1882,CTTCATTGTCAGTGGA-1,1.0
495,1961,1922,GCAGATTAGGGATATC-1,1.0
496,1939,1882,CCTGTCGCCCGTAAAT-1,1.0
497,1916,1921,CAATTTCGTATAAGGG-1,1.0
498,1893,1881,GTACACTTACCTGAAG-1,1.0
499,1870,1921,CCAGCCTGGACCAATA-1,0.0
500,1848,1881,ATGGAGCAGGCCGTGA-1,0.0
501,1825,1920,GTCATTAGAGCGAACG-1,1.0
502,1802,1880,AAGACTGCAAGCTACT-1,0.0
503,1779,1920,CTAGTCACGTCTTAAG-1,0.0
504,1757,1880,ACTCTTGTATAGTAAC-1,0.0
505,1734,1919,ATTAGGCGATGCTTTC-1,0.0
506,1711,1879,TTCGGGACTAATCGCG-1,1.0
507,1688,1919,TGGACTGTTCGCTCAA-1,1.0
508,1666,1879,AACGTGCGAAAGTCTC-1,1.0
509,1643,1918,CCACCCAAGGAAAGTG-1,0.0
510,1620,1878,CCGCACAAAGACCAAC-1,1.0
511,1597,1918,GCGATTGTTAACGTTA-1,1.0
512,1575,1878,ACTCGTCAGTAATCCC-1,1.0
513,1552,1917,GGTGATAAGGAGCAGT-1,1.0
514,1529,1877,AAGAGGCATGGATCGC-1,0.0
515,1506,1917,CACGTTCGTGCTCTAG-1,0.0
516,1484,1877,CTATTTGGTTACGGAT-1,1.0
517,1461,1916,GTACAGAGGCAAGGGT-1,0.0
518,1438,1876,GGGCCGGCCGAAGTAC-1,1.0
519,1415,1916,CCTGAACGATATATTC-1,0.0
520,1393,1876,CCGGGCTGCTCCATAC-1,0.0
521,1370,1915,TACTTGTTAGTAGTCC-1,0.0
522,1347,1875,CCTAGGCGTAGCGATC-1,0.0
523,1324,1915,CTGGCGCACAGGTCTG-1,0.0
524,1302,1875,ACTTATACTTACCCGG-1,0.0
525,1279,1914,GAAGTCTCCCTAGCGA-1,0.0
526,1256,1874,ACCGATGGTAGCATCG-1,0.0
527,1233,1914,CGAGTTTATCGGACTG-1,0.0
528,1211,1874,CATAACGGACAGTCGT-1,0.0
529,1188,1913,TGACGATGCACTAGAA-1,0.0
530,1165,1873,TAGGGAGCTTGGGATG-1,0.0
531,1142,1913,AGGGTCGATGCGAACT-1,0.0
532,1120,1873,TATATCCCTGGGAGGA-1,0.0
533,1097,1912,CATCTTACACCACCTC-1,0.0
534,1074,1872,GTGCGACAGGGAGTGT-1,1.0
535,1051,1912,CCGATCTCAACCTTAT-1,0.0
536,1029,1872,ACGATCATCTTGTAAA-1,0.0
537,1005,1911,GAAAGAACAGCGTTAT-1,0.0
538,983,1871,CTAGGTCTGAAGGAAT-1,0.0
539,960,1911,ATATCAACCTACAGAG-1,0.0
540,938,1871,AAATAGCTTAGACTTT-1,0.0
541,914,1910,GCGACATGTAAACATC-1,0.0
542,892,1870,ATAAGTAGGGCGACTC-1,1.0
543,2757,1970,ATCCTGAATCGCTGCG-1,1.0
544,2734,2009,GTTTCATATCGTCGCT-1,0.0
545,2712,1970,ATAAATATTAGCAGCT-1,0.0
546,2688,2009,AAGAGGATGTACGCGA-1,0.0
547,2666,1969,TCCTGCGTTGATACTC-1,0.0
548,2643,2008,CGTGCATTGTCGACGC-1,1.0
549,2621,1969,CCGGGTTCGAGGTTAC-1,0.0
550,2597,2008,CCCAATTTCACAACTT-1,0.0
551,2575,1968,TGATTTATTAGCTGTG-1,0.0
552,2552,2007,TGGAAGAAGGGAACGT-1,0.0
553,2530,1968,GACGCTTGCTTCTAAA-1,0.0
554,2506,2007,GGGAACGGGAGGTTAG-1,0.0
555,2484,1967,GCGGCTCTGACGTACC-1,0.0
556,2461,2006,ACGTTAGATTTGCCCG-1,0.0
557,2439,1967,GAGAGGGCGCGAGGTT-1,1.0
558,2415,2006,GCGTCTCTGCATTGGG-1,0.0
559,2393,1966,GCAGCACACAGCCCAG-1,0.0
560,2370,2005,CAGGCCGTTTGGGTGT-1,0.0
561,2348,1966,AACTCAAGTTAATTGC-1,0.0
562,2324,2005,CTTCGTAGATAGGTGA-1,0.0
563,2302,1965,TGCAGAGTACCGAGCA-1,0.0
564,2279,2004,GAAGTGATTTATCGTG-1,0.0
565,2257,1965,CGCTACGGGACATTTA-1,0.0
566,2233,2004,CCACACTGAGATATTA-1,0.0
567,2211,1964,CGATCCGACCCAGTGC-1,0.0
568,2188,2003,CTGTACTTCTTAGCAT-1,0.0
569,2165,1964,ACTTATTAGGATCGGT-1,1.0
570,2142,2003,TAGTCCGCAGAGAATG-1,1.0
571,2120,1963,TTCACGAAAGGATCAC-1,0.0
572,2097,2002,TACATTTCTAACGTGC-1,1.0
573,2074,1963,ACCATATCCGCAATAA-1,0.0
574,2051,2002,CACTCAAGAGCTATGG-1,1.0
575,2029,1962,TGTACGAACAAATCCG-1,1.0
576,2006,2001,ATCATCCAATATTTGT-1,1.0
577,1983,1962,CGCTATTCTTAGGCTC-1,1.0
578,1960,2001,TGGCAGCAGTAATAGT-1,1.0
579,1938,1961,TCACGTGCCCGATTCA-1,1.0
580,1915,2000,CATACGGCGTCTGGGC-1,1.0
581,1892,1961,CACATGATTCAGCAAC-1,0.0
582,1869,2000,GCTAGTAGAGCTTGTA-1,1.0
583,1847,1960,TGCTGTTGAAGAACTC-1,1.0
584,1824,1999,CGGAGCATGGCGATCC-1,0.0
585,1801,1960,TAGCGTTGGGTCTTAC-1,1.0
586,1778,1999,GTAGCGGCTATACACT-1,0.0
587,1756,1959,TAACATACAATGTGGG-1,0.0
588,1733,1998,TCTTCGAATAGACGTT-1,1.0
589,1710,1959,GATCGTGACTGATATC-1,1.0
590,1687,1998,GATCCGGGAATTAACA-1,1.0
591,1665,1958,TTATATACGCTGTCAC-1,0.0
592,1642,1997,GTCGCGTAACCCGTTG-1,1.0
593,1619,1958,AGCTCTAGACGTTCCA-1,1.0
594,1596,1997,GTCAAGCGGACTCGGG-1,0.0
595,1574,1957,CGAGGGACTGCGGTCG-1,1.0
596,1551,1996,AATCGCCTCAGCGCCA-1,0.0
597,1528,1957,CTTGTTGCTGAGTCAA-1,1.0
598,1505,1996,GATATGAGACACTAAC-1,1.0
599,1483,1956,TTATGATCTTAACGAA-1,0.0
600,1460,1995,CGCCGCCCATGCCTGT-1,0.0
601,1437,1956,CTGGGATAAATAATGG-1,0.0
602,1414,1995,GTGCCCGTTCGGATTC-1,0.0
603,1392,1955,TTCAATACTCTGAATC-1,0.0
604,1369,1994,CGCACATGTCCACTAC-1,1.0
605,1346,1955,AGAAGAGCGCCGTTCC-1,0.0
606,1323,1994,GATAACTCGCACTGTG-1,0.0
607,1301,1954,AGTCGACGGTCTCAAG-1,1.0
608,1278,1993,GTGACCGCACACTACG-1,0.0
609,1255,1954,GTATGTGGGTCTAGTT-1,0.0
610,1232,1993,CTTGAGTTAGGGTAAT-1,0.0
611,1210,1953,TTAGCTGATTTGCCGT-1,0.0
612,1187,1992,GCTGTTGCTACCGAAC-1,0.0
613,1164,1953,TATTACCATCCTGCTT-1,0.0
614,1141,1992,TTGAATTCACGTGAGG-1,0.0
615,1119,1952,CCATCTCACCAGTGAA-1,0.0
616,1096,1991,CGCACGTGCGCTATCA-1,0.0
617,1073,1952,ACCCGGATGACGCATC-1,0.0
618,1050,1991,CGCTAGAGACCGCTGC-1,0.0
619,1028,1951,ATAGTTCCACCCACTC-1,0.0
620,1005,1990,GCAGACCCAGCACGTA-1,0.0
621,982,1951,TAGACTACCTAGCGTT-1,0.0
622,959,1990,GGTTCTACTCGTCTGA-1,0.0
623,937,1950,GACTCACCCACGTGAG-1,0.0
624,2756,2049,CTCACTTGGCTGGTAA-1,1.0
625,2733,2089,CGCCTGGCCTACGTAA-1,0.0
626,2711,2049,CCCGTAAGTCTAGGCC-1,0.0
627,2688,2088,TTGGACATGTGGCTTA-1,0.0
628,2665,2048,ATTACGCGCTGGCAGG-1,0.0
629,2642,2088,ACGCGCTACACAGGGT-1,0.0
630,2620,2048,TACGTTTACCGGCAAT-1,1.0
631,2597,2087,CGAAACGCAATTCATG-1,0.0
632,2574,2047,TAGTCTAACAACGAGA-1,0.0
633,2551,2087,TTGCATGCTGATCACG-1,0.0
634,2529,2047,TCTGGGTAGCGCTCAT-1,0.0
635,2505,2086,ACATCGGTCAGCCGCG-1,0.0
636,2483,2046,AGATACCGGTGTTCAC-1,0.0
637,2460,2086,GATTACTGAATTTGGG-1,0.0
638,2438,2046,TCCAACTTTAAATTCT-1,0.0
639,2414,2085,TCCTAGCAAAGAAGCT-1,0.0
640,2392,2045,GTCTATCTGAGTTTCT-1,0.0
641,2369,2085,GATGTTCAATCCACGA-1,0.0
642,2347,2045,AGTTAAACACTTGCGA-1,0.0
643,2323,2084,AGCTCTTTACTCAGTT-1,0.0
644,2301,2044,ATCCAGGATTCGTGAA-1,0.0
645,2278,2084,AGTCAACACCACCATC-1,0.0
646,2256,2044,CGATACCTCGCGGACA-1,1.0
647,2232,2083,TACAACGCACAACTCA-1,1.0
648,2210,2043,AATTAAAGGTCGGCGT-1,0.0
649,2187,2083,TACGCAGTTCTTTCCT-1,1.0
650,2165,2043,GACCGTGCTGACGGTG-1,1.0
651,2141,2082,GGCAAATTACTTTACT-1,1.0
652,2119,2042,GGTACAAACATGCTAT-1,1.0
653,2096,2082,CGGGCCTTCTTTGTAA-1,1.0
654,2074,2042,CGTGAAGTTAATTCAC-1,1.0
655,2050,2081,ATAGTGAAGCGTTCTC-1,1.0
656,2028,2041,TACGCCATATTCTAAT-1,0.0
657,2005,2081,GCCGGGTTAGGGTCGC-1,0.0
658,1983,2041,TACATAGGCATACACC-1,1.0
659,1959,2080,GCCGATTGGCCAAGCT-1,1.0
660,1937,2040,CTGCCATGCATCACAT-1,0.0
661,1914,2080,TTATGAATGAAAGGGA-1,0.0
662,1892,2040,GCTGAGGCGTGAGTAT-1,1.0
663,1868,2079,GCGCCGTTCCACGATA-1,0.0
664,1846,2039,CGCATGGTGCGATGCT-1,0.0
665,1823,2079,AGGTTTCACACACCTT-1,1.0
666,1801,2039,CAAGGATCGCATGTTC-1,1.0
667,1777,2078,ACGTTAATGTCGAAGA-1,0.0
668,1755,2038,TCCAGAGCACCGGTTC-1,1.0
669,1732,2078,GATTCGACGGTTCACG-1,0.0
670,1710,2038,GTTTCTGCAGTCTCCC-1,1.0
671,1686,2077,GCTGCACGGTTTCTTA-1,0.0
672,1664,2037,CGTGCAGACTGGGACA-1,0.0
673,1641,2077,GTGTTACTATGCGTCC-1,1.0
674,1619,2037,TCCTCGGGCTGGGCTT-1,0.0
675,1595,2076,GTGAGGACACTTAAGG-1,0.0
676,1573,2036,ATACGCCGGCGAAACC-1,0.0
677,1550,2076,TCTGCCAGAAACTGCA-1,0.0
678,1528,2036,TTCTGCGGGTTAGCGG-1,0.0
679,1504,2075,CTCGGTACCACTGCTC-1,0.0
680,1482,2035,GTAAGTAACAGTCTGG-1,0.0
681,1459,2075,GTGCGTGTATATGAGC-1,0.0
682,1437,2035,ATTTGTCTTGGGAGCT-1,0.0
683,1413,2074,CCTCGGACCGGGATAG-1,0.0
684,1391,2034,TAGGTGCTCGCCTAGC-1,1.0
685,1368,2074,CTTTAGGAACACTGTT-1,0.0
686,1345,2034,TCGGGCCGTCGTGGTA-1,0.0
687,1322,2073,AGTGCTTGCACGAATA-1,1.0
688,1300,2033,TGCAGTTTCCTCCCAT-1,0.0
689,1277,2073,TGAGAGATTTACCACG-1,0.0
690,1254,2033,GAAACAGATGACCACC-1,1.0
691,1231,2072,AGCAACATATCTTATT-1,0.0
692,1209,2032,CAAGTGTGGTTGCAAA-1,0.0
693,1186,2072,GCCTCATCTGGAAATA-1,1.0
694,1163,2032,AACCCTACTGTCAATA-1,0.0
695,1140,2071,ACGTATTACTCCGATC-1,0.0
696,1118,2031,TCTGGGAACCTTTGAA-1,0.0
697,1095,2071,GCTCGCTCATGTCCAA-1,0.0
698,1072,2031,GCGCAAGAGCGCGCTG-1,0.0
699,1049,2070,TTGACGCTCCATGAGC-1,0.0
700,1027,2030,TATAGATGGTCGCAGT-1,0.0
701,981,2030,ACATGGCGCCAAAGTA-1,0.0
702,2755,2128,AGCCCATACATGTAAG-1,0.0
703,2732,2168,ATCCAATGGAGGGTCC-1,0.0
704,2710,2128,AAACCGGGTAGGTACC-1,0.0
705,2687,2167,GCAACCACGGCCGCGT-1,0.0
706,2664,2127,CGCTTATTCCCGGTCG-1,0.0
707,2641,2167,TTACTCTGGTACGTAC-1,0.0
708,2619,2127,GTGGTTTCCGCCTTTC-1,0.0
709,2596,2166,ATAGGCGGCTATAGAA-1,0.0
710,2573,2126,GTGCCATCACACGGTG-1,1.0
711,2550,2166,CCCAACATACGTCGCG-1,0.0
712,2528,2126,CGGTGCAGATAGAACG-1,0.0
713,2505,2165,GGGCGGGTTCCCTACG-1,0.0
714,2482,2125,TGAGCCATACAGTCTC-1,0.0
715,2459,2165,CTCCGCCCACATGAGG-1,1.0
716,2437,2125,GTTGAACCGGTTCCAT-1,0.0
717,2414,2164,TTGACTACCATATGGT-1,0.0
718,2391,2124,ACCATCGTATATGGTA-1,0.0
719,2368,2164,TGCGTAAGAACCTGAT-1,0.0
720,2346,2124,AGAAGGTTGCCGAATT-1,0.0
721,2323,2163,AGGACGACCCATTAGA-1,0.0
722,2300,2123,GGTGCTGGTACACATT-1,0.0
723,2277,2163,GCGCTATGCCGAGGCA-1,0.0
724,2255,2123,ACCCGGTTACACTTCC-1,0.0
725,2232,2162,TAACTCATCCGCGCGG-1,0.0
726,2209,2122,CACAATGAGCTGCTAT-1,1.0
727,2186,2162,GTTACTTTGGGCCTAG-1,1.0
728,2164,2122,GGGCCCGTCTTAAACA-1,1.0
729,2141,2161,GAAATTGTCTCTATAA-1,0.0
730,2118,2121,GGCGCATGAATTGATG-1,1.0
731,2095,2161,CATATAGGTACAGTCA-1,1.0
732,2073,2121,TCAACGAGGAGACAAA-1,1.0
733,2050,2160,TTGCACAATTCAGAAA-1,0.0
734,2027,2120,CATCGGACGGGTTAAT-1,1.0
735,2004,2160,ATTAAACATGCGGACC-1,0.0
736,1982,2120,TATCTACCACAGCGGG-1,0.0
737,1959,2159,CGAGACCCTAGAGTGT-1,0.0
738,1936,2119,ACATCGATCGTTTACC-1,0.0
739,1913,2159,ATCGACCCAATACAGA-1,1.0
740,1891,2119,GAATCTGAACATTCTC-1,0.0
741,1868,2158,AGTTCCTATTTATGTT-1,0.0
742,1845,2118,CAGTCTGTATACTGGG-1,0.0
743,1822,2158,GGAGACGACACCTTTG-1,1.0
744,1800,2118,CCTAAATTAACGGTTC-1,0.0
745,1777,2157,GCTACGACTTATTGGG-1,0.0
746,1754,2117,CTGTGCAGGGTAGGTC-1,0.0
747,1731,2157,ACGCCGCTAGACGACC-1,0.0
748,1709,2117,ACTTGACTCCCTCTTT-1,0.0
749,1685,2156,CGCCTCCCTCCTCTAT-1,0.0
750,1663,2116,CTAGATTTACGACGGC-1,0.0
751,1640,2156,GATGCTGTATTTCATC-1,1.0
752,1618,2116,TGCGTTTGTTGACACT-1,0.0
753,1594,2155,CGTGCCCTCCCGAAGA-1,0.0
754,1572,2115,ACTCTCTGACTTAGGT-1,0.0
755,1549,2155,CTGGGTAGGCAGTTAA-1,1.0
756,1527,2115,GTTTGGCCCAAGTTAT-1,1.0
757,1503,2154,GAATGTGGTCCGGATT-1,1.0
758,1481,2114,CCCAGTTAAGGCGCCG-1,1.0
759,1458,2154,CGGTACTAGAATCAAA-1,0.0
760,1436,2114,GCTTAATGTAACTAAC-1,0.0
761,1412,2153,AGGACAGTCGAATCCC-1,0.0
762,1390,2113,GACAGCCAGACCTGAC-1,1.0
763,1367,2153,GGCGAAATCTAACTTG-1,0.0
764,1345,2113,CTGGTAACACATAGAA-1,0.0
765,1321,2152,TAGCCATTTCAAAGTC-1,0.0
766,1299,2113,GGGATTTACCGCACCT-1,0.0
767,1276,2152,ATGCCATTTGCGACCA-1,1.0
768,1254,2112,GAATAGACGCGACCCA-1,0.0
769,1230,2151,TGTATGGCGCAGACAG-1,0.0
770,1208,2112,GGATGAAGATCGCTGA-1,0.0
771,1185,2151,CGACAATTTGATCTAA-1,1.0
772,1163,2111,AAAGTTGACTCCCGTA-1,1.0
773,1139,2150,CGCGGCTCAACTTGAA-1,0.0
774,1117,2111,CACGCGGAACTGTTGC-1,0.0
775,1094,2150,TCTTAGAGTGAACTCT-1,0.0
776,1072,2110,AGTCCATTGGCTGATG-1,0.0
777,2731,2247,TTGTTTCCATACAACT-1,0.0
778,2709,2207,GAGAGGTGCATTCTGG-1,0.0
779,2686,2246,GTGGACCAACCCGATT-1,0.0
780,2663,2207,CTGGGCCTGCTATATC-1,0.0
781,2640,2246,CATAGTCCACAAGAAC-1,0.0
782,2618,2206,TTGACATGAACGTGGA-1,0.0
783,2595,2245,GGTTACCACCCTCGGG-1,0.0
784,2572,2206,TACCGGTCGTTTCCAT-1,0.0
785,2549,2245,CGAGTACTAAAGAGGA-1,0.0
786,2527,2205,GCAAGAATTCCTTGGC-1,0.0
787,2504,2244,TCGCCGAAGTTGCGTC-1,1.0
788,2481,2205,TTGAGAGTACTGCTAA-1,0.0
789,2458,2244,GCCACAATTTAAGGAC-1,0.0
790,2436,2204,ATATTCAGTTAAACCT-1,0.0
791,2413,2243,TGAGTGCCTCTTAAAT-1,0.0
792,2390,2204,ATCAGACGGCACGCCG-1,1.0
793,2367,2243,GTGCGAAATCGAACAC-1,0.0
794,2345,2203,GTGCCGCTTCAAAGGT-1,1.0
795,2322,2242,GATACGATGGGAGTCA-1,0.0
796,2299,2203,GACACTGAGTTCAGTG-1,0.0
797,2276,2242,ATCCTGCGTGGAATGG-1,0.0
798,2254,2202,ATCCTACCTAAGCTCT-1,1.0
799,2231,2241,AGTGATATGAGTAGTT-1,1.0
800,2208,2202,ATGATGCAATGGTACA-1,0.0
801,2185,2241,GAAACCGAATTACCTT-1,0.0
802,2163,2201,AGTGACCTACTTTACG-1,0.0
803,2140,2240,CAAATGTCCTTCCGTG-1,0.0
804,2117,2201,TTACTGGGATATTTCA-1,0.0
805,2094,2240,CTTGCCCAGGCTCTAC-1,0.0
806,2072,2200,AAATCGTGTACCACAA-1,0.0
807,2049,2239,GTGATCATAGATCTGC-1,0.0
808,2026,2200,TGGCAGATTACGATCA-1,1.0
809,2003,2239,TCACCCTCTTAAGATT-1,1.0
810,1981,2199,CAGGATATATCGTTGT-1,1.0
811,1958,2238,CCTGACCACCGATGGT-1,1.0
812,1935,2199,CTAAAGGGAAATAGGA-1,1.0
813,1912,2238,CCGCTATCAGCACCAG-1,0.0
814,1890,2198,CTTTAGTGCTATTATT-1,0.0
815,1867,2237,CGGGAATTTATGTAAA-1,0.0
816,1844,2198,TACGACTGCCTCTTAG-1,0.0
817,1821,2237,AAACTGCTGGCTCCAA-1,0.0
818,1799,2197,GTACGTTTGCCCGTCA-1,1.0
819,1776,2237,GGCAAGGCGAAATAGC-1,0.0
820,1753,2197,GATCTTGGAGGGCATA-1,0.0
821,1730,2236,AGCGTGGTATTCTACT-1,0.0
822,1708,2196,CTAAGGGAATGATTGG-1,1.0
823,1685,2236,CATGGTAAGTAGCGTT-1,0.0
824,1662,2196,CGTTGAGCGACCGTCG-1,1.0
825,1639,2235,TGCCCGTACCGTTAAA-1,0.0
826,1617,2195,ACAAGGGCAGGCTCTG-1,1.0
827,1594,2235,GAGATCTTCCATGACA-1,1.0
828,1571,2195,AATGACGTAGGATGTC-1,0.0
829,1548,2234,GTGGTGGCCAAGTGAA-1,1.0
830,1526,2194,TCCCGTGTGCAATTTG-1,1.0
831,1503,2234,ACATCGTATGCAATGG-1,1.0
832,1480,2194,GCGAAACTTAACTGGA-1,1.0
833,1457,2233,AATTGAACGCTCTGGT-1,0.0
834,1435,2193,ACAAATGGTAGTGTTT-1,1.0
835,1412,2233,ATGGTCGCGTGGTTTC-1,0.0
836,1389,2193,TGTTATTGTATGTGGC-1,0.0
837,1366,2232,TTCCGGTTACCCACTT-1,0.0
838,1344,2192,GAGTGTGCGGTACCCA-1,0.0
839,1321,2232,CAAGATATTATAACGT-1,0.0
840,1298,2192,ACACACCAGGACCAGT-1,0.0
841,1275,2231,ATGGGCCTCGGCCTCT-1,1.0
842,1253,2191,AAGGTGATAAACCAGC-1,0.0
843,1230,2231,TCTTACTTATGCCTCT-1,0.0
844,1207,2191,AAAGTGTGATTTATCT-1,0.0
845,1184,2230,TGCTCCACAGTTCTTA-1,0.0
846,1162,2190,CTGGCTGATTCATCCT-1,0.0
847,1139,2230,TAAGGCTGAATCCCTC-1,0.0
848,1116,2190,TCTAGTGATATCGTGG-1,0.0
849,2708,2286,CTTCTATGTTGAAGTA-1,0.0
850,2663,2286,TCTAGCAATCTCCGCC-1,0.0
851,2639,2325,AGTTTGGCCAGACCTA-1,0.0
852,2617,2285,TTGTAAGGACCTAAGT-1,0.0
853,2594,2325,AAATTTGCGGGTGTGG-1,0.0
854,2572,2285,AAGTTCGGCCAACAGG-1,0.0
855,2548,2324,CCGCTTACCTCACTCT-1,0.0
856,2526,2284,ATCACGTGCTAATTAA-1,0.0
857,2503,2324,GGTGAAGTACAGGGAT-1,0.0
858,2481,2284,GCTGTATTACTGGCCC-1,1.0
859,2457,2323,AACGGCCATCTCCGGT-1,0.0
860,2435,2283,TAAGTAACATCTTGAC-1,0.0
861,2412,2323,TTCTTGAGCCGCGCTA-1,0.0
862,2390,2283,AGTGCGTAGCTCGTAA-1,0.0
863,2366,2322,GGGATGGTCGTAACCG-1,0.0
864,2344,2282,GTCTGGGCGGTCGAGA-1,0.0
865,2321,2322,CGGAACGTAAACATAG-1,0.0
866,2299,2282,TGCGACACCCTAGTGC-1,0.0
867,2275,2321,CAAACGAGTATCGCAG-1,0.0
868,2253,2281,TCAGTAGGGACTATAA-1,0.0
869,2230,2321,GCGGTTCCCTATCATG-1,1.0
870,2208,2281,GTGACTTCAGTAGTGC-1,0.0
871,2184,2320,CGTCACGTCCATTGGT-1,1.0
872,2162,2280,ATAAGTTACCGCGACG-1,1.0
873,2139,2320,CTGAATCCGAGACCTC-1,0.0
874,2117,2280,TACGACGCTTGCTGCG-1,0.0
875,2093,2319,GAATTCACCCGGGTGT-1,0.0
876,2071,2279,GGGTGACACCTTAACT-1,1.0
877,2048,2319,TGAGTAAATTAGCGTA-1,1.0
878,2026,2279,GAGTCCGCTTACCGGA-1,0.0
879,2002,2318,GGCGCGTTCGAGTTTA-1,0.0
880,1980,2278,ATTCATATACTGTCCA-1,1.0
881,1957,2318,ATAAACGGACCCGTAA-1,1.0
882,1934,2278,GTCGTACCATCTCGGG-1,0.0
883,1911,2317,ATAATAGCTGTTGAAT-1,0.0
884,1889,2277,TTCCGCGTGAGGCGAT-1,0.0
885,1866,2317,TACCGGCTCACTGCCC-1,1.0
886,1843,2277,GTATCTTTCATAACCA-1,0.0
887,1820,2316,GTTACCTACAACTTGC-1,0.0
888,1798,2276,TGACTATAATCCTTTC-1,1.0
889,1775,2316,AAATACCTATAAGCAT-1,0.0
890,1752,2276,TTATTAGAGCGTGTTC-1,1.0
891,1729,2315,ATGTGGACATCTTGAT-1,1.0
892,1707,2275,GTACGCTTCATTGCAC-1,0.0
893,1684,2315,CACATATTAGCAGGAT-1,0.0
894,1661,2275,CAAGAGGGCGGAGTAC-1,0.0
895,1638,2314,TCGCAAAGATGCATTT-1,1.0
896,1616,2274,GTCGTTATTCGCTTAT-1,0.0
897,1593,2314,TCGTGTACTATGGATG-1,0.0
898,1570,2274,GCGGAGAGGGAGAACG-1,0.0
899,1547,2313,TCACAGGGAATCGCAA-1,0.0
900,1525,2273,GACTGCACCAGCCCAG-1,0.0
901,1502,2313,TCCGCTGTCATCCCGG-1,0.0
902,1479,2273,AGATACTCAAGATCGA-1,1.0
903,1456,2312,ACTGAATGGCGAAAGT-1,1.0
904,1434,2272,TCCTACATCCACGGCC-1,1.0
905,1411,2312,TTCAGCCCTGGTCCAC-1,0.0
906,1388,2272,TTAGAGTTTAGAAGGA-1,0.0
907,1365,2311,GGTTAGCTATATGTCT-1,0.0
908,1343,2271,CTGGTTTCGAGCAAGA-1,1.0
909,1320,2311,TGGGCCCATACTAATT-1,0.0
910,1297,2271,ACTTATTTATGTGCCA-1,1.0
911,1274,2310,TTAGTTATTCGTGGCA-1,1.0
912,1252,2270,AACCGCTAAGGGATGC-1,0.0
913,1229,2310,ATACGTCCACTCCTGT-1,1.0
914,1206,2270,CGACACGCTCCGACAG-1,1.0
915,1183,2309,TCTGAACTCGTACCCG-1,0.0
916,1161,2269,AGGATATAGGGATTTA-1,0.0
917,2616,2364,TATTCCTCCGCCCACT-1,0.0
918,2593,2404,ATCAAACGAAGGTTTG-1,0.0
919,2571,2364,TTGATTAGCTGTTTCT-1,0.0
920,2548,2403,CTGCTGAGGCCACGAA-1,0.0
921,2525,2363,CCGTGTTAAATTCCAT-1,0.0
922,2502,2403,CACGTCGGCAACCTCT-1,0.0
923,2480,2363,GTATTCTGAGAAACGA-1,0.0
924,2457,2402,CGGTGCGCGTTGGTCC-1,0.0
925,2434,2362,GTGATTCGCCGCTCAA-1,1.0
926,2411,2402,GCCCGCGCGTAAACGG-1,0.0
927,2389,2362,AACGTACTGTGGGTAC-1,0.0
928,2366,2401,GAGTATGCCCGCCTTG-1,0.0
929,2343,2362,TGATTCTGTCGCCGGT-1,0.0
930,2320,2401,GGGCGGCAAATGAATT-1,0.0
931,2298,2361,TTCCAATCTGGCTATC-1,0.0
932,2274,2400,GGAACCGTGTAAATTG-1,0.0
933,2252,2361,TTGGTCACACTCGTAA-1,0.0
934,2229,2400,CGAACCCGCATGCGTC-1,0.0
935,2207,2360,GGGCGTCACCACGTAA-1,0.0
936,2183,2399,TACCAGAAGTAGGTTC-1,0.0
937,2161,2360,TTGGATATCGTCTACG-1,0.0
938,2138,2399,TAGATATGGACTGGAA-1,0.0
939,2116,2359,GCGACGATAGTTGTAC-1,0.0
940,2092,2398,CTGGATTTACACTTGA-1,0.0
941,2070,2359,GTTATATTATCTCCCT-1,0.0
942,2047,2398,TATTCCACTCAGCTCG-1,1.0
943,2025,2358,CTGTTACCCAATCTAG-1,0.0
944,2001,2397,ACGCGAAGTCAGACGA-1,1.0
945,1979,2358,GATAGGTAACGTTGAC-1,1.0
946,1956,2397,TGTTCGTATTGCGGTG-1,0.0
947,1934,2357,GGTCAGTGGGTCCCAC-1,0.0
948,1910,2396,AATTCTAGAGTTAGGC-1,0.0
949,1888,2357,GTTTACGTTCCATCTG-1,0.0
950,1865,2396,AGACCCACCGCTGATC-1,1.0
951,1843,2356,TCTAGCATGCCCAGAA-1,1.0
952,1819,2395,CCCGCAGCGCGAACTA-1,1.0
953,1797,2356,CTCTATTTGGCTGCAG-1,0.0
954,1774,2395,TTCTGCCGCGCCTAGA-1,0.0
955,1752,2355,ACTCCCTAGAATAGTA-1,0.0
956,1728,2394,CCGAACCTTCCCGGCC-1,0.0
957,1706,2355,TCAGACGCTATAGAAG-1,1.0
958,1683,2394,CAGGCGCCATGCTAGG-1,1.0
959,1661,2354,CACTCGAGCTGAACAA-1,1.0
960,1637,2393,ACAAGGAAATCCGCCC-1,0.0
961,1615,2354,ACCACGTGCAGCTATA-1,1.0
962,1592,2393,ACGGCGACGATGGGAA-1,0.0
963,1570,2353,TTACTAAAGGACTTTA-1,0.0
964,1546,2392,GGCTGAAATAGCAAAG-1,0.0
965,1524,2353,TTAGACGAGTCACCTC-1,0.0
966,1501,2392,GTAGTCGCGGGAATCA-1,0.0
967,1479,2352,GCAAACCCTACATTAT-1,0.0
968,1455,2391,GTTAAAGTAGGACTGG-1,1.0
969,1433,2352,ACCCTCCCTTGCTATT-1,0.0
970,1410,2391,CATGTCTCATTTATGG-1,0.0
971,1388,2351,AATAGAATCTGTTTCA-1,1.0
972,1364,2390,TCTCATGAGATAGGGT-1,1.0
973,1342,2351,ATGACTATGCGACATT-1,1.0
974,1319,2390,CCTAACCCAAACAAGT-1,1.0
975,1297,2350,AGTCAAGATGACACTT-1,0.0
976,1273,2389,CGGGAGCTTCAGTGTA-1,0.0
977,1251,2350,CCACAGTACCCATCCT-1,0.0
978,1228,2389,GAGCGCGCACGAGTAG-1,0.0
979,1206,2349,ACCAGTGCGGGAGACG-1,0.0
980,2524,2443,CTAACTGGTCCGGTTC-1,0.0
981,2501,2482,AGCGACAGGAACGGTC-1,0.0
982,2479,2442,TAATAGAACAGAGTTA-1,0.0
983,2456,2482,ACAGGTGGAGGTGAGG-1,0.0
984,2433,2442,TGCGAGAATATTACCC-1,0.0
985,2410,2481,TTGCGTCGGCCAACCG-1,0.0
986,2388,2441,AGGCTTCCCGAAGAAG-1,1.0
987,2365,2481,GCGGACCGCGTTGTGG-1,1.0
988,2342,2441,GTAATCTGATTCTTCG-1,0.0
989,2319,2480,CCGCGGAATGCGTCAC-1,0.0
990,2297,2440,TTCCACACAGATTTGA-1,0.0
991,2274,2480,CTTCTATTAATGCTAG-1,0.0
992,2251,2440,CATTTGAGTGGTACGT-1,0.0
993,2228,2479,TCACAGCAAACTCGAA-1,1.0
994,2206,2439,CAGACGAACCTGATAC-1,1.0
995,2183,2479,TAGCTAGAAGGCATGA-1,0.0
996,2160,2439,ATCCAGAGCAACAACC-1,0.0
997,2137,2478,TCCGGTTCGTCCGGTC-1,0.0
998,2115,2438,CGCGCATGTTTGATTG-1,0.0
999,2092,2478,TGGCGATCAAGTTATG-1,1.0
1000,2069,2438,CCCTTTGACAGGTCTT-1,1.0
1001,2046,2477,CAGAGACGGTCACCCA-1,0.0
1002,2024,2437,TAGCTCGCCTGATAAC-1,1.0
1003,2001,2477,TTGTGTTTCCCGAAAG-1,0.0
1004,1978,2437,TATACACAGACGCCTT-1,0.0
1005,1955,2476,ACATTAGTTTATATCC-1,0.0
1006,1933,2436,CCATCGCAGTTAAACT-1,1.0
1007,1910,2476,AATTAGCGCTGCAGCG-1,1.0
1008,1887,2436,TCCGCTTATCCCATTA-1,0.0
1009,1864,2475,GTTTGGGCTTGTGAGC-1,0.0
1010,1842,2435,CTTGTCAACATTCGAG-1,0.0
1011,1819,2475,GGACCAACAGGATAAC-1,1.0
1012,1796,2435,AAGCTAGATCGAGTAA-1,1.0
1013,1773,2474,TACCGTGCCTCGGACC-1,1.0
1014,1751,2434,GTAGCCAAACATGGGA-1,1.0
1015,1728,2474,TGCCAGTACGTGGAGA-1,1.0
1016,1705,2434,ATAAGGTGGAGAACAT-1,1.0
1017,1682,2473,CTTTAATATTGGTCGA-1,0.0
1018,1660,2433,TGGTTCAACGGGTAAT-1,0.0
1019,1637,2473,GCTGCTACTGCGTAGC-1,0.0
1020,1614,2433,CTGCACAACTACATAT-1,0.0
1021,1591,2472,ATATTCCACATAGTGA-1,0.0
1022,1569,2432,TGGCAAACTAAATTAC-1,1.0
1023,1546,2472,ACCGCAATAACTGCCT-1,0.0
1024,1523,2432,TCGCACCAGGAGGCAG-1,1.0
1025,1500,2471,ACTTCAGGCTGATCCC-1,1.0
1026,1478,2431,ACAAATCGCACCGAAT-1,0.0
1027,1454,2471,TCTGATGTATTCTGTC-1,0.0
1028,1432,2431,CTTTACCGAATAGTAG-1,0.0
1029,1409,2470,GCAGATCCATAAGACT-1,0.0
1030,1387,2430,TTCCTCGGACTAACCA-1,1.0
1031,1363,2470,TTATCCGGGATCTATA-1,0.0
1032,1341,2430,CTGGAAGACACGGTGG-1,1.0
1033,1318,2469,GTTCGTCTAAAGAACT-1,0.0
1034,1296,2429,GTCTATTGGTTCCGGT-1,0.0
1035,1272,2469,CTAGGCGCCCTATCAG-1,0.0
1036,1250,2429,AACGGACGTACGTATA-1,0.0
1037,2478,2521,AATAACACTAGAACAA-1,1.0
1038,2432,2521,CCACCAACTTTACTGT-1,0.0
1039,2409,2560,AACTCTCAGTGTGCTC-1,0.0
1040,2387,2520,AAACCGTTCGTCCAGG-1,0.0
1041,2364,2560,CAGCGATTCCCTTCAA-1,0.0
1042,2341,2520,GCTAGCTTGAATAGCT-1,1.0
1043,2318,2559,TTGCGGCATCAGAAAG-1,1.0
1044,2296,2519,AATAGAACAGAGTGGC-1,0.0
1045,2273,2559,GCCATCGAGCTGCGTG-1,1.0
1046,2250,2519,ACACTGATCAAGGTGT-1,0.0
1047,2227,2558,ACCAACGCTTATTTAT-1,0.0
1048,2205,2518,GACATCGATTTATAAC-1,0.0
1049,2182,2558,CAGACACCGATCGCTG-1,0.0
1050,2159,2518,CCAAGAAAGTGGGCGA-1,0.0
1051,2136,2557,GGTAGACCGTTGGGCG-1,0.0
1052,2114,2517,TCGTTAGGAGTCCCTA-1,1.0
1053,2091,2557,ACGGCCAACATGGACT-1,0.0
1054,2068,2517,GTGAGTGGTACAACGC-1,0.0
1055,2045,2556,GAGACTTCGCGACCGA-1,0.0
1056,2023,2516,GAAGTCAGTTGCACTA-1,0.0
1057,2000,2556,GTTTGGTAGGGTCAAC-1,1.0
1058,1977,2516,ACGGCACTTGCTTGGG-1,0.0
1059,1954,2555,CCTCTGTACTATTCTA-1,1.0
1060,1932,2515,CTATTCATGTGTCCCA-1,0.0
1061,1909,2555,GCCCGATCTGTGGTCG-1,0.0
1062,1886,2515,TTAGAAGAACATGACT-1,0.0
1063,1863,2554,AGGATAAAGTCGGGAT-1,1.0
1064,1841,2514,CGGCAAACATCGTGCG-1,1.0
1065,1818,2554,CTAGTTACAACCCGGT-1,1.0
1066,1795,2514,TTCGACAGAGCCCGTG-1,1.0
1067,1772,2553,AAGCATACTCTCCTGA-1,1.0
1068,1750,2513,GACGACGATCCGCGTT-1,0.0
1069,1727,2553,GGTAGAAGACCGCCTG-1,0.0
1070,1704,2513,GAGATGGGAGTCGACA-1,0.0
1071,1681,2552,AACGATAATGCCGTAG-1,0.0
1072,1659,2512,TGGTCCCACGCTACGG-1,1.0
1073,1636,2552,CTGCTTGGCGATAGCT-1,0.0
1074,1613,2512,ATCGGAGACAGACGGC-1,0.0
1075,1590,2551,TAGCGTCCGGTGTGGT-1,1.0
1076,1568,2511,GTTGAGTCCCGCCGGT-1,0.0
1077,1545,2551,AAATAGGGTGCTATTG-1,1.0
1078,1522,2511,AAGTGTTTGGAGACGG-1,0.0
1079,1499,2550,AGCACTACCTCACCAG-1,0.0
1080,1477,2510,TGCCTTGGCCAGGCAA-1,1.0
1081,1454,2550,TCGTCTTAGGCGTTAA-1,1.0
1082,1431,2510,TTCTGACCGGGCTCAA-1,0.0
1083,1408,2549,CAGAACTTAGCCCTCT-1,0.0
1084,1386,2509,AGCTCCTTCGCACATC-1,0.0
1085,1363,2549,ACAGGCTTGCCCGACT-1,0.0
1086,1340,2509,GCTATACGTCTCGGAC-1,0.0
1087,1317,2548,GAGCCAGCTACCTGTG-1,0.0
1088,2432,2600,CAATATTCTTGACCTA-1,0.0
1089,2408,2639,CGTTTGTGTAGAGGGT-1,0.0
1090,2386,2600,CATAGCGTTGCCCACC-1,0.0
1091,2363,2639,TGATACATTTAGCCGT-1,0.0
1092,2341,2599,TTCCGGCCTTGAGGCT-1,0.0
1093,2317,2638,CCTATACCGTCCTGTC-1,0.0
1094,2295,2599,TCGTTGCTATCCGGTC-1,0.0
1095,2272,2638,TGGCGACTGCTCCAAA-1,0.0
1096,2250,2598,CAGAGGCGATGCATGA-1,0.0
1097,2226,2637,TCACAGGAGAATAAGA-1,0.0
1098,2204,2598,GGGTTAACATTTGAGT-1,0.0
1099,2181,2637,GCGGGCGAGCCTTACC-1,1.0
1100,2159,2597,TGCCAATGGGTACTCT-1,0.0
1101,2135,2636,AGGGACTCTACGCGAC-1,0.0
1102,2113,2597,GACGCCGTAAAGGCTA-1,0.0
1103,2090,2636,AAAGGCTCTCGCGCCG-1,0.0
1104,2068,2596,CTGGCTGGTTGTCAGT-1,0.0
1105,2044,2635,ACATCCCGGCCATACG-1,0.0
1106,2022,2596,CTCTTGTCCCGCTTGG-1,0.0
1107,1999,2635,TACGCCTCCATTCCGA-1,1.0
1108,1977,2595,CGGAGCAATTTAATCG-1,1.0
1109,1953,2634,AACTAGGCTTGGGTGT-1,0.0
1110,1931,2595,GCGTCGCCAGGGTGAT-1,0.0
1111,1908,2634,GTTGGTCATGCTATCC-1,1.0
1112,1886,2594,GCTGGCGGCGCATGCT-1,0.0
1113,1862,2633,TGAGCGGAAAGTGTTC-1,1.0
1114,1840,2594,CTTTCTGTGCGGGCTT-1,0.0
1115,1817,2633,ATCTAATATCCTACGG-1,1.0
1116,1794,2593,AACCTTTAAATACGGT-1,0.0
1117,1771,2632,TTCACTCGAGCACCTA-1,1.0
1118,1749,2593,CTGCACTCCAGTACAG-1,0.0
1119,1726,2632,CCATTTCTACCTATTA-1,1.0
1120,1703,2592,CAAGCGGCACATAATT-1,0.0
1121,1680,2631,GTTAACATCACTTAAA-1,1.0
1122,1658,2592,ATATAAATGTAGCTGC-1,0.0
1123,1635,2631,GCCTCTATACATAGCA-1,0.0
1124,1612,2591,GTGTCGTATAGCGTTC-1,0.0
1125,1589,2630,ATACGTACTTAGCCAC-1,0.0
1126,1567,2591,GCTATCATACTCATGG-1,0.0
1127,1544,2630,TATCCAATTGGTTATC-1,0.0
1128,1521,2590,TCTCCCTGGGCAGCGT-1,0.0
1129,1498,2629,CCTATAATGAGTGCCC-1,0.0
1130,1476,2590,CAATGCGAGAAGTATC-1,0.0
1131,1453,2629,TACCAATAAAGTACCA-1,0.0
1132,1430,2589,GCTAGGCACCACGGAG-1,0.0
1133,1407,2628,GGTGGACTGCTCTGGC-1,0.0
1134,1385,2589,TATTCCGAGCTGTTAT-1,0.0
1135,1362,2628,TTGAGAAGTTTAGCAT-1,0.0
1136,1339,2588,GTCCGGACCTGAAATT-1,0.0
1137,2385,2679,CCGGTTTGTAATTGTG-1,0.0
1138,2362,2718,GTCGCCGTTGTGTGTT-1,0.0
1139,2340,2678,TACTGAACAGATTTAG-1,0.0
1140,2317,2718,TATTAACCTGACCGCG-1,0.0
1141,2294,2678,CTGTAGCCATCTCACT-1,0.0
1142,2271,2717,TACTATGGTTCCTCAG-1,1.0
1143,2249,2677,GAGTCAGACCAGAATC-1,1.0
1144,2226,2717,TAAGGCATAACATCAA-1,1.0
1145,2203,2677,CTTCCGCTCCGTGAAG-1,1.0
1146,2180,2716,GGGCTATGATCGATGG-1,1.0
1147,2158,2676,GGTCGGTCGTCCACAG-1,1.0
1148,2135,2716,GGGACCCGTATATCTT-1,1.0
1149,2112,2676,GAAAGCAGTGCACTTT-1,0.0
1150,2089,2715,AGCGCATAATGAATCG-1,0.0
1151,2067,2675,GCTGCTAAGTAGTCGA-1,0.0
1152,2043,2715,AATAGTCCGTCCCGAC-1,0.0
1153,2021,2675,AGCAGCCAGATGAATA-1,0.0
1154,1998,2714,CCTCGCGCTGTGCGAT-1,0.0
1155,1976,2674,TTGTGTATGCCACCAA-1,0.0
1156,1952,2714,TGCTCGGCGAAACCCA-1,1.0
1157,1930,2674,CGATTAAATATCTCCT-1,0.0
1158,1907,2713,TGCCGTGGATCGTCCT-1,0.0
1159,1885,2673,GTGGACGCATTTGTCC-1,0.0
1160,1861,2713,ACCCGGAAACTCCCAG-1,0.0
1161,1839,2673,CCGCATGTGGTACGAT-1,0.0
1162,1816,2712,GCAAACCTTGGCCATA-1,1.0
1163,1794,2672,ATTCACTGATGTTGGA-1,1.0
1164,1770,2712,ACTCCCTAATGCTAAA-1,1.0
1165,1748,2672,TCCTAAATTGGGAAGC-1,0.0
1166,1725,2711,GAACAGATTACTAAAT-1,0.0
1167,1703,2671,ATACAGGCCCTCCAAT-1,1.0
1168,1679,2711,CGATTCGCCTGGCTGC-1,1.0
1169,1657,2671,TCCGCCTGTCTACAAG-1,0.0
1170,1634,2710,CACATCTCACCGACGA-1,0.0
1171,1612,2670,CGTCGTCCTTCGCGAA-1,1.0
1172,1588,2710,CGTTGAATACCGCGCT-1,0.0
1173,1566,2670,ACCAATATGCAAGTTA-1,0.0
1174,1543,2709,ACGGATGGTGCGGATA-1,0.0
1175,1521,2669,CACCCTAACAAGATCT-1,0.0
1176,1497,2709,AAGCTCTTTCATGGTG-1,0.0
1177,1475,2669,CATGGGTATGCCTTAT-1,1.0
1178,1452,2708,GCGCGTCATTGGTACA-1,1.0
1179,1430,2668,TCTGAAGCACGTGGTC-1,0.0
1180,2339,2757,TCAACATAGCGCCCTA-1,0.0
1181,2316,2797,GGCCGTTTGGGTTTCA-1,0.0
1182,2293,2757,TACTCTTTCGTCTTCA-1,0.0
1183,2270,2796,TTCGCGCGCCATACGA-1,0.0
1184,2248,2756,CGGAAAGAATCAAACG-1,0.0
1185,2225,2796,AGGCAGGGAGCGTACT-1,0.0
1186,2202,2756,CCTTTAAGGGAGCACT-1,0.0
1187,2179,2795,CGCCCAGCACGCCTAG-1,1.0
1188,2157,2755,AGTATTTGGCACGACC-1,0.0
1189,2134,2795,TATCCGCACCGTCGGG-1,0.0
1190,2111,2755,ACCCGTGTCATCAGTA-1,0.0
1191,2088,2794,CAACTGCTCATCCGAT-1,0.0
1192,2066,2754,CCGGAGCGTACTTTCT-1,0.0
1193,2043,2794,TACCGTAGGTTAACTA-1,0.0
1194,2020,2754,TGAGGAGTGCCAGCTT-1,1.0
1195,1997,2793,CCAGTCTTGTCATAGA-1,0.0
1196,1975,2753,GGGCAGAGCAATCGTT-1,0.0
1197,1952,2793,TACCAAATAGCCCAGA-1,1.0
1198,1929,2753,TACCTACTCCCAGTAT-1,0.0
1199,1906,2792,TGTGAGACTAGCCCAA-1,0.0
1200,1884,2752,ATACCTAACCAAGAAA-1,0.0
1201,1861,2792,GTCGGGAAGCAGAAAC-1,1.0
1202,1838,2752,AATTAACGGATTTCCA-1,0.0
1203,1815,2791,GAACCCTCTGTGTTCT-1,1.0
1204,1793,2751,ATATAAAGCGCTCGTG-1,1.0
1205,1770,2791,CCTGGTCGAATGTGGG-1,0.0
1206,1747,2751,CTAGGTTCGGACGTGA-1,0.0
1207,1724,2790,TCGGGAGACAGCGTAC-1,0.0
1208,1702,2750,CATAAGAAGCTTGGCT-1,0.0
1209,1679,2790,AAGCACCCTGCGTATC-1,1.0
1210,1656,2750,AGTTTGCACCTGCCTC-1,0.0
1211,1633,2789,GACTGCAAATCGAGCT-1,0.0
1212,1611,2749,GTGTATATCAGCGGGC-1,0.0
1213,1588,2789,CTTCAACTCCACTTGG-1,0.0
1214,1565,2749,ACTTACGCATCCACGC-1,0.0
1215,1542,2788,CATGAGATGCACTCTC-1,0.0
1216,1520,2748,GAGCACCTGTGTCCAG-1,0.0
1217,1497,2788,CGCGACCGCGACAGAT-1,0.0
1218,1474,2748,GTCCCGCGACGTTATG-1,0.0
1219,1451,2787,GCAGTGTGGCTATAGG-1,0.0
1220,1429,2747,ATACTGCCTTACACCG-1,0.0
1221,2292,2836,TTCTAGAAAGTCTTAT-1,0.0
1222,2269,2875,CCTTCAGTTAAAGTGA-1,0.0
1223,2247,2836,TAGCTAGTGATGATGG-1,0.0
1224,2224,2875,AGCCCGGTAGCCTGTA-1,0.0
1225,2201,2835,TACCTCAGTTGTCTGT-1,0.0
1226,2178,2874,GACGGGTTGGCCCGTA-1,0.0
1227,2156,2835,GAAACCTATACAAATG-1,0.0
1228,2133,2874,TCCACCTCTAGCCTTT-1,0.0
1229,2110,2834,AAGACCCAACTGAACA-1,0.0
1230,2087,2873,CATACACGGTTCCCAC-1,0.0
1231,2065,2834,ACTACGCGTTAGAATT-1,1.0
1232,2042,2873,CTTGGCCAAGCTGGGA-1,0.0
1233,2019,2833,TTACCCTAGGGATTGG-1,1.0
1234,1996,2872,TTCGCACTGTACGACA-1,0.0
1235,1974,2833,TAGGTGTTCCACAGAT-1,0.0
1236,1951,2872,GAAGCCTGCACATTCC-1,0.0
1237,1928,2832,GGCTTTCAATAAGGGT-1,0.0
1238,1905,2871,TCCAGGGTATATACGA-1,1.0
1239,1883,2832,CTCGCCGAATGTAGGG-1,0.0
1240,1860,2871,AGGAAGCTGTCCGCCG-1,0.0
1241,1837,2831,GTCTCAAGGCCCGGCT-1,0.0
1242,1814,2870,ACCGACACATCTCCCA-1,1.0
1243,1792,2831,TATACGCGTCATCACT-1,0.0
1244,1769,2870,ATCTGGGCTGTTCTTG-1,0.0
1245,1746,2830,TCAAATTTGAGACTCA-1,0.0
1246,1723,2869,GTTAAGGGTGCGATGT-1,0.0
1247,1701,2830,AGCAAAGGCCGCTAGT-1,0.0
1248,1678,2869,TTATAGGTAATTGTCT-1,0.0
1249,1655,2829,TTGTGCAGCCACGTCA-1,0.0
1250,1632,2868,ACGGACTCTCAAAGCG-1,0.0
1251,1610,2829,ATGCTCTGGCGCGGTA-1,1.0
1252,1587,2868,ATAATCTTGGAGAACC-1,0.0
1253,1564,2828,CTCATTGCTCTAACAA-1,0.0
1254,1541,2867,TAGGTGACGATAACCT-1,0.0
1255,1519,2828,CGGATCCTCAAGGACT-1,0.0
1256,2201,2914,CTCCTCCAGCTCACAC-1,0.0
1257,2177,2954,CGGTCCGTCGCAAGCC-1,0.0
1258,2155,2914,CCTATATTTGTCCTGG-1,0.0
1259,2132,2953,TCCAATAAAGGCTACC-1,0.0
1260,2110,2913,AAAGGCTACGGACCAT-1,0.0
1261,2086,2953,CGTGACCAGTCCTCTG-1,0.0
1262,2064,2913,GATCTGCTATCTAAGG-1,0.0
1263,2041,2952,CGAATGACGCATAATG-1,0.0
1264,2019,2912,GCTCAATGTAATACCG-1,0.0
1265,1995,2952,CTATGCCCGAATGCAA-1,0.0
1266,1973,2912,CACAGGGCCGTTGTCA-1,1.0
1267,1950,2951,TCAATACGCCGTCATG-1,0.0
1268,1928,2911,AGCGGACACTTCGTAG-1,1.0
1269,1904,2951,ATACGTTATGCACGGA-1,0.0
1270,1882,2911,GAGTAGATACTAGTTG-1,0.0
1271,1859,2950,CCAGCTCGAACGCATT-1,1.0
1272,1837,2910,TGCTTCCCAAGCAGTA-1,1.0
1273,1813,2950,GTAGACACGCCTGACT-1,0.0
1274,1791,2910,CTCACATTTACTAAAT-1,0.0
1275,1768,2949,GAATGCGAATCGGTTC-1,0.0
1276,1746,2909,TAAGGCCCGTCACCCT-1,0.0
1277,1722,2949,GAGTATGCGCGTGCAT-1,1.0
1278,1700,2909,ATCCACATCGACAGAA-1,0.0
1279,1677,2948,TAGACGAAACGCCAAT-1,0.0
1280,1655,2908,CAGCAGTCTGTGCTGC-1,0.0
1281,1631,2948,CTCACTGTGATACTTA-1,0.0
1282,1609,2908,TTAATTGCTTTGGGTG-1,0.0
1283,1586,2947,GTAGTCTACGATATTG-1,0.0
1284,1563,2907,TTGCCGCTTTCTAGTA-1,0.0
1285,1540,2947,GAACCTTTAACGATCC-1,0.0
1286,2154,2993,AACATTGTGACTCGAG-1,0.0
1287,2131,3032,GTCCAATATTTAGCCT-1,0.0
1288,2109,2992,GCTCTTTCCGCTAGTG-1,0.0
1289,2086,3032,GGGTCAGGAGCTAGAT-1,0.0
1290,2063,2992,AGGTGGTGACCTTCGC-1,0.0
1291,2040,3031,CCCGGGTCGTTCAGGG-1,0.0
1292,2018,2991,AGCCAAGCTTTGTGTC-1,0.0
1293,1995,3031,TGTGGCGGGCTTCTGG-1,0.0
1294,1972,2991,CGAGGGTATCCAGGTG-1,0.0
1295,1949,3030,CGTTCAGACCCGCGAA-1,1.0
1296,1927,2990,TCATATGAGCTTTGTT-1,0.0
1297,1904,3030,AGTTGACGGTCCTTGC-1,0.0
1298,1881,2990,ATAATTAGCTAAGTAG-1,0.0
1299,1858,3029,GGTCTTGAGCGCTCTT-1,0.0
1300,1836,2989,CGTTGTCGGCAATTGA-1,0.0
1301,1812,3029,TCTTGCTCCCGATACT-1,0.0
1302,1790,2989,AGCAGAAGGAGAAAGA-1,0.0
1303,1767,3028,GAAGCCACTGATTATG-1,0.0
1304,1745,2988,TGCTCTTGAGAGTTTG-1,0.0
1305,1721,3028,GACATCCGTCGAACTG-1,0.0
1306,1699,2988,AGATATAATACGACTA-1,0.0
1307,1676,3027,TCGCTACTGGCTTTGA-1,0.0
1308,1654,2987,GTGACAGCTTCCCACT-1,1.0
1309,1630,3027,GTGACGCAGGTTTCAT-1,0.0
1310,1608,2987,GGGAAGACGGTCTGTC-1,0.0
1311,1563,2986,AGAAGGTTGTAGGTCG-1,0.0
1312,2153,3072,CGCTTAGTATTGATAC-1,1.0
1313,2108,3072,GTGCACCAGCTTCAAC-1,0.0
1314,2062,3071,TGGCAAGCACAAGTCG-1,0.0
1315,2039,3110,ATCTGCTGTTATCGCC-1,0.0
1316,2017,3071,AATTCCAAGCATGTAC-1,1.0
1317,1994,3110,AAACGGTTGCGAACTG-1,1.0
1318,1971,3070,GAAGGAGTCGAGTGCG-1,0.0
1319,1926,3070,TGACCAAATCTTAAAC-1,0.0
1320,1903,3109,TTCGGTACTGTAGAGG-1,0.0
1321,1880,3069,ATGTACGATGACGTCG-1,0.0
1322,1857,3109,ATCTAGCTTGTGAGGG-1,0.0
1323,1835,3069,AGCGGGTCTGACACTC-1,0.0
1324,1812,3108,GAGGTACGCGTGTCCC-1,0.0
1325,1789,3068,GCACTGCCTACCTTTA-1,0.0
1326,1766,3108,GGAGCGAGGCCTACTT-1,0.0
1327,1744,3068,AAACTCGGTTCGCAAT-1,0.0
1328,1721,3107,GGCGCTTCATTCCCTG-1,1.0
1329,1698,3067,TGCTCGGTGGGTCACC-1,0.0
1330,1879,3148,TTGGGAAGACGAGCCG-1,0.0
1331,1834,3148,GAACTGTGGAGAGACA-1,0.0
1332,1811,3187,TCCACATCGTATATTG-1,0.0
1333,1788,3147,CCTATGGTCAAAGCTG-1,0.0
